<?xml version="1.0" encoding="UTF-8"?>
<beans xmlns="http://www.springframework.org/schema/beans"
    xmlns:xsi="http://www.w3.org/2001/XMLSchema-instance"
    xsi:schemaLocation="http://www.springframework.org/schema/beans
        https://www.springframework.org/schema/beans/spring-beans.xsd">
        
        <bean id="dateFormater" class="java.text.SimpleDateFormat">
        <constructor-arg value="dd-MM-yyyy" />
      </bean>
<bean id="mi1" class="com.cognizant.truyum.model.MenuItem">
        <property name="id" value="1"/>
        <property name="name" value="Sandwich" />
        <property name="price" value="99" />
        <property name="active" value="true" />
        <property name="dateOfLaunch">
            <bean factory-bean="dateFormater" factory-method="parse">
                <constructor-arg value="15-03-2017" />
            </bean>
        </property>
        <property name="category" value="MainCourse" />
        <property name="freeDelivery" value="true" />
</bean>
<bean id="mi2" class="com.cognizant.truyum.model.MenuItem">
        <property name="id" value="2"/>
        <property name="name" value="Burger" />
        <property name="price" value="129" />
        <property name="active" value="true" />
        <property name="dateOfLaunch">
            <bean factory-bean="dateFormater" factory-method="parse">
                <constructor-arg value="23-12-2017" />
            </bean>
        </property>
        <property name="category" value="MainCourse" />
        <property name="freeDelivery" value="false" />
</bean>
<bean id="mi3" class="com.cognizant.truyum.model.MenuItem">
        <property name="id" value="3"/>
        <property name="name" value="Pizza" />
        <property name="price" value="149" />
        <property name="active" value="true" />
        <property name="dateOfLaunch">
            <bean factory-bean="dateFormater" factory-method="parse">
                <constructor-arg value="21-08-2018" />
            </bean>
        </property>
        <property name="category" value="MainCourse" />
        <property name="freeDelivery" value="false" />
</bean>
<bean id="mi4" class="com.cognizant.truyum.model.MenuItem">
        <property name="id" value="4"/>
        <property name="name" value="French Fries" />
        <property name="price" value="57" />
        <property name="active" value="false" />
        <property name="dateOfLaunch">
            <bean factory-bean="dateFormater" factory-method="parse">
                <constructor-arg value="02-07-2017" />
            </bean>
        </property>
        <property name="category" value="Starters" />
        <property name="freeDelivery" value="true" />
</bean>


<bean id="MenuItemList" class="java.util.ArrayList">
        <constructor-arg>
            <list>
                <ref bean="mi1"></ref>
                <ref bean="mi2"></ref>
                <ref bean="mi3"></ref>
                <ref bean="mi4"></ref>
            </list>
        </constructor-arg>
 </bean>


</beans>